[
{"titular": ["\u2018El contrato est\u00e1 resuelto\u2019: la enf\u00e1tica respuesta de Liga Pro a GolTV"], "descripcion": ["La organizaci\u00f3n plante\u00f3 su postura luego de la amenaza de la televisora de iniciar acciones legales y el pago de multas por incumplimiento del contrato."], "id": [0]},
{"titular": ["Jhonatan Narv\u00e1ez asalta el podio del Tour de Eslovenia"], "descripcion": ["El 'Lagarto' ascendi\u00f3 al segundo lugar de la clasificaci\u00f3n general cumplida la tercera etapa de la prueba. El liderato es del italiano Giovanni Aleotti."], "id": [1]},
{"titular": ["En Brasil no quieren actos de indisciplina durante la Copa Am\u00e9rica: la CBF impone nuevas normas de conducta"], "descripcion": ["Todo empez\u00f3 por el cabello, te\u00f1ido de rosa, del zaguero Yan Couto, a quien le pidieron que cambiara su 'look'."], "id": [2]},
{"titular": ["\u00bfD\u00f3nde ver la Eurocopa 2024?: estos son los canales para ver En Vivo en Ecuador, Estados Unidos, M\u00e9xico y Espa\u00f1a"], "descripcion": ["Es la segunda ocasi\u00f3n que se organizar\u00e1 en Alemania: la primera fue en 1988."], "id": [3]},
{"titular": ["Jos\u00e9 Delgado: \u2018Ojal\u00e1 F\u00e9lix S\u00e1nchez Bas nos tape la boca, pero el f\u00fatbol de Ecuador es muy mezquino. Para Copa Am\u00e9rica, Hern\u00e1n Gal\u00edndez es titular en mi alineaci\u00f3n\u2019 "], "descripcion": ["\u2018Estaremos donde las papas queman\u2019, en caso de avanzar a cuartos de final, dice el periodista guayaquile\u00f1o. Sue\u00f1a con el mejor papel de la historia."], "id": [4]}
]